Group_ID,Group,COWMasterCountry,Continent,Latitude,Longitude,Country,Fatalities,Territories
82,Armed_Islamic_Group,Algeria,Africa,36.75,3.05,Algeria,401,0
9904,Salafist_Group_for_Call_and_Combat,Algeria,Africa,36.75,3.05,Algeria,8,0
185,Front_for_the_Liberation_of_the_Cabinda_Enclave,Angola,Africa,-8.833,13.217,Angola,6,0
9973,UNITA,Angola,Africa,-8.833,13.217,Angola,270,1
304,Movement_for_Democracy_and_Justice_in_Chad,Chad,Africa,12.1,15.033,Chad,1,1
9846,Popular_Self-Defense_Forces,Congo,Africa,-4.317,15.3,Congo,0,1
20017,Battalion_of_the_Martyr_Abdullah_Azzam,Egypt,Africa,30.05,31.25,Egypt,3,0
158,Egyptian_Islamic_Jihad,Egypt,Africa,30.05,31.25,Egypt,1,0
30030,Islamic_Glory_Brigades_in_the_Land_of_the_Nile,Egypt,Africa,30.05,31.25,Egypt,4,0
30039,Tawhid_Islamic_Brigades,Egypt,Africa,30.05,31.25,Egypt,34,0
19,al-Gama'a_al-Islamiyya,Egypt,Africa,30.05,31.25,Egypt,4,0
20026,Eritrean_Islamic_Jihad_Movement,Eritrea,Africa,15.333,38.933,Eritrea,2,0
9812,Oromo_Liberation_Front,Ethiopia,Africa,9.033,38.7,Ethiopia,15,0
202,Harakat_al-Shuhada'a_al-Islamiyah,Libya,Africa,32.883,13.167,Libya,4,0
30037,Salafia_Jihadia,Morocco,Africa,34.017,-6.817,Morocco,1,0
210,Hisba,Nigeria,Africa,9.083,7.533,Nigeria,0,1
20031,Iduwini_Youths,Nigeria,Africa,9.083,7.533,Nigeria,0,0
30036,Odua_Peoples'_Congress,Nigeria,Africa,9.083,7.533,Nigeria,0,0
81,Armed_Forces_Revolutionary_Council,SierraLeone,Africa,8.483,-13.233,Sierra_Leone,0,1
9896,Revolutionary_United_Front,SierraLeone,Africa,8.483,-13.233,Sierra_Leone,0,1
312,Muslims_Against_Global_Oppression,SouthAfrica,Africa,-25.7,28.217,South_Africa,1,0
321,National_Warriors,SouthAfrica,Africa,-25.7,28.217,South_Africa,1,0
9824,People_Against_Gangsterism_And_Drugs,SouthAfrica,Africa,-25.7,28.217,South_Africa,0,0
9935,Sudan_People's_Liberation_Army,Sudan,Africa,15.6,32.533,Sudan,4,1
9971,Ummah_Liberation_Army,Sudan,Africa,15.6,32.533,Sudan,0,0
9951,Tigers,Swaziland,Africa,-26.317,31.133,Swaziland,1,0
278,Lord's_Resistance_Army,Uganda,Africa,0.317,32.55,Uganda,458,1
314,National_Army_for_the_Liberation_of_Uganda,Uganda,Africa,0.317,32.55,Uganda,30,1
211,Hizb-I-Islami,Afghanistan,Asia,34.517,69.183,Afghanistan,10,1
236,Jaish-ul-Muslimin,Afghanistan,Asia,34.517,69.183,Afghanistan,4,0
30003,Jund_al-Sham,Afghanistan,Asia,34.517,69.183,Afghanistan,1,0
311,Mujahideen_Message,Afghanistan,Asia,34.517,69.183,Afghanistan,0,0
9903,Saif-ul-Muslimeen,Afghanistan,Asia,34.517,69.183,Afghanistan,0,0
9940,Taliban,Afghanistan,Asia,34.517,69.183,Afghanistan,338,1
208,Hikmatul_Zihad,Bangladesh,Asia,23.717,90.4,Bangladesh,19,0
10192,Islami_Chhatra_Shibir,Bangladesh,Asia,23.717,90.4,Bangladesh,21,0
233,Islamic_Shashantantra_Andolon,Bangladesh,Asia,23.717,90.4,Bangladesh,3,0
30031,Jagrata_Muslim_Janata_Bangladesh,Bangladesh,Asia,23.717,90.4,Bangladesh,0,0
30014,Jamatul_Mujahedin_Bangladesh,Bangladesh,Asia,23.717,90.4,Bangladesh,23,0
9815,Purbo_Banglar_Communist_Party,Bangladesh,Asia,23.717,90.4,Bangladesh,14,1
154,East_Turkistan_Liberation_Organization,China,Asia,39.917,116.383,China,2,0
9984,Uygur_Holy_War_Organization,China,Asia,39.917,116.383,China,2,0
99,Bagramyan_Battalion,Georgia,Asia,41.683,44.833,Georgia,0,0
10004,Achik_National_Volunteer_Council,India,Asia,28.6,77.2,India,0,1
20003,Adivasi_Cobra_Force,India,Asia,28.6,77.2,India,1,0
38,All_Tripura_Tiger_Force,India,Asia,28.6,77.2,India,59,0
20005,Babbar_Khalsa_International,India,Asia,28.6,77.2,India,1,0
10123,Birsa_Commando_Force,India,Asia,28.6,77.2,India,0,0
20004,Bodo_Liberation_Tigers,India,Asia,28.6,77.2,India,1,0
110,Borok_National_Council_of_Tripura,India,Asia,28.6,77.2,India,2,0
10022,Communist_Party_of_India-Maoist,India,Asia,28.6,77.2,India,117,1
209,Hindu_Sena_Rashtriya_Sangh_Party,India,Asia,28.6,77.2,India,19,0
20035,Islamic_Defense_Force,India,Asia,28.6,77.2,India,0,0
239,Janashakti,India,Asia,28.6,77.2,India,0,0
30005,Jihad_Committee,India,Asia,28.6,77.2,India,0,0
30033,Kanglei_Yawol_Kanna_Lup,India,Asia,28.6,77.2,India,0,0
30034,Kangleipak_Communist_Party,India,Asia,28.6,77.2,India,0,0
20038,Kuki_Liberation_Army,India,Asia,28.6,77.2,India,0,0
284,Maoist_Communist_Center,India,Asia,28.6,77.2,India,24,1
310,Mujahideen_al-Mansooran,India,Asia,28.6,77.2,India,0,0
315,National_Democratic_Front_of_Bodoland,India,Asia,28.6,77.2,India,117,0
318,National_Liberation_Front_of_Tripura,India,Asia,28.6,77.2,India,54,0
10079,National_Socialist_Council_of_Nagaland-Isak-Muivah,India,Asia,28.6,77.2,India,4,0
9832,People's_War_Group,India,Asia,28.6,77.2,India,112,1
9909,Save_Kashmir_Movement,India,Asia,28.6,77.2,India,10,0
9934,Students_Islamic_Movement_of_India,India,Asia,28.6,77.2,India,0,0
9974,United_Kuki_Liberation_Front,India,Asia,28.6,77.2,India,0,0
9975,United_Liberation_Front_of_Assam,India,Asia,28.6,77.2,India,59,0
30040,United_National_Liberation_Front,India,Asia,28.6,77.2,India,2,1
9976,United_People's_Democratic_Solidarity,India,Asia,28.6,77.2,India,25,0
10000,Zomi_Revolutionary_Army,India,Asia,28.6,77.2,India,7,0
24,al-Madina,India,Asia,28.6,77.2,India,0,0
25,al-Mansoorain,India,Asia,28.6,77.2,India,16,0
539,Anti-Communist_Command,Indonesia,Asia,-6.167,106.817,Indonesia,0,0
177,Free_Aceh_Movement,Indonesia,Asia,-6.167,106.817,Indonesia,58,0
10169,Free_Papua_Movement,Indonesia,Asia,-6.167,106.817,Indonesia,0,1
183,Front_for_Defenders_of_Islam,Indonesia,Asia,-6.167,106.817,Indonesia,0,0
241,Jemaah_Islamiya,Indonesia,Asia,-6.167,106.817,Indonesia,227,1
10213,Laskar_Jihad,Indonesia,Asia,-6.167,106.817,Indonesia,14,1
20039,Mujahideen_KOMPAK,Indonesia,Asia,-6.167,106.817,Indonesia,0,0
9927,South_Maluku_Republic,Indonesia,Asia,-6.167,106.817,Indonesia,4,0
20062,Arbav_Martyrs_of_Khuzestan,Iran,Asia,35.7,51.417,Iran,10,0
30032,Jund_Allah_Organization_for_the_Sunni_Mujahideen_in_Iran,Iran,Asia,33.333,44.4,Iran,1,0
30024,1920_Revolution_Brigades,Iraq,Asia,33.333,44.4,Iraq,0,0
1,Abu_Bakr_al-Siddiq_Fundamentalist_Brigades,Iraq,Asia,33.333,44.4,Iraq,0,0
10108,Abu_al-Abbas,Iraq,Asia,33.333,44.4,Iraq,0,0
20006,Al-Bara_bin_Malek_Brigades,Iraq,Asia,33.333,44.4,Iraq,5,0
30026,Ali_Bin_Abu_Talib_Jihad_Organization,Iraq,Asia,33.333,44.4,Iraq,0,0
51,Ansar_al-Islam,Iraq,Asia,33.333,44.4,Iraq,11,1
52,Ansar_al-Jihad,Iraq,Asia,33.333,44.4,Iraq,0,0
53,Ansar_al-Sunnah_Army,Iraq,Asia,33.333,44.4,Iraq,168,0
91,Army_of_the_Followers_of_Sunni_Islam,Iraq,Asia,33.333,44.4,Iraq,3,0
20009,Brigades_of_Imam_al-Hassan_al-Basri,Iraq,Asia,33.333,44.4,Iraq,2,0
20021,Brigades_of_Martyr_Ahmed_Yassin,Iraq,Asia,33.333,44.4,Iraq,4,0
10103,Brigades_of_the_Victorious_Lion_of_God,Iraq,Asia,33.333,44.4,Iraq,0,0
152,Divine_Wrath_Brigades,Iraq,Asia,33.333,44.4,Iraq,0,0
20034,Iraqi_Revenge_Brigades,Iraq,Asia,33.333,44.4,Iraq,0,0
225,Islamic_Army_in_Iraq,Iraq,Asia,33.333,44.4,Iraq,7,0
228,Islamic_Jihad_Brigades,Iraq,Asia,33.333,44.4,Iraq,3,0
231,Islamic_Resistance_Brigades,Iraq,Asia,33.333,44.4,Iraq,0,0
20008,Jaish_al-Taifa_al-Mansoura,Iraq,Asia,33.333,44.4,Iraq,7,0
20036,Karbala_Brigades,Iraq,Asia,33.333,44.4,Iraq,0,0
282,Mahdi_Army,Iraq,Asia,33.333,44.4,Iraq,0,1
309,Mujahedin-e-Khalq,Iraq,Asia,33.333,44.4,Iraq,9,0
20097,Mujahideen_Shura_Council,Iraq,Asia,33.333,44.4,Iraq,0,0
20041,Protectors_of_Islam_Brigade,Iraq,Asia,33.333,44.4,Iraq,0,0
9907,Saraya_al-Shuhuada_al-jihadiyah_fi_al-Iraq,Iraq,Asia,33.333,44.4,Iraq,7,0
9939,Takfir_wa_Hijra,Iraq,Asia,33.333,44.4,Iraq,12,0
9943,Tawhid_and_Jihad,Iraq,Asia,33.333,44.4,Iraq,191,0
9947,The_Holders_of_the_Black_Banners,Iraq,Asia,33.333,44.4,Iraq,0,0
9983,Usd_Allah,Iraq,Asia,33.333,44.4,Iraq,0,0
30022,al-Ahwal_Brigades,Iraq,Asia,33.333,44.4,Iraq,0,0
16,al-Faruq_Brigades,Iraq,Asia,33.333,44.4,Iraq,7,0
20007,al-Qaeda_Organization_in_the_Land_of_the_Two_Rivers,Iraq,Asia,33.333,44.4,Iraq,1543,0
30025,Abu_al-Rish_Brigades,Israel,Asia,31.767,35.233,Israel,0,0
20016,Badr_Forces,Israel,Asia,31.767,35.233,Israel,1,0
30027,Black_Panthers,Israel,Asia,31.767,35.233,Israel,0,0
130,Committee_for_the_Security_of_the_Highways,Israel,Asia,31.767,35.233,Israel,3,0
147,Democratic_Front_for_the_Liberation_of_Palestine,Israel,Asia,31.767,35.233,Israel,7,0
20027,Free_People_of_Galillee,Israel,Asia,31.767,35.233,Israel,0,0
200,Hamas,Israel,Asia,31.767,35.233,Israel,385,1
242,Jenin_Martyrs'_Brigade,Israel,Asia,31.767,35.233,Israel,17,0
248,Kach,Israel,Asia,31.767,35.233,Israel,0,0
20037,Knights_of_the_Tempest,Israel,Asia,31.767,35.233,Israel,0,0
286,Martyr_Abu-Ali_Mustafa_Brigades,Israel,Asia,31.767,35.233,Israel,0,0
9819,Palestinian_Islamic_Jihad,Israel,Asia,31.767,35.233,Israel,121,0
9836,Popular_Front_for_the_Liberation_of_Palestine,Israel,Asia,31.767,35.233,Israel,29,0
9841,Popular_Resistance_Committees,Israel,Asia,31.767,35.233,Israel,0,0
9867,Revenge_of_Hebrew_Babies,Israel,Asia,31.767,35.233,Israel,0,0
9905,Salah_al-Din_Battalions,Israel,Asia,31.767,35.233,Israel,3,0
9941,Tanzim,Israel,Asia,31.767,35.233,Israel,0,1
12,al-Aqsa_Martyrs_Brigades,Israel,Asia,31.767,35.233,Israel,10,0
17,al-Fatah,Israel,Asia,31.767,35.233,Israel,266,1
31,al-Quds_Brigades,Israel,Asia,31.767,35.233,Israel,0,0
122,Chukakuha,Japan,Asia,35.683,139.75,Japan,0,0
250,Kakurokyo,Japan,Asia,35.683,139.75,Japan,0,0
9872,Revolutionary_Army,Japan,Asia,35.683,139.75,Japan,0,0
9916,Shurafa_al-Urdun,Jordan,Asia,31.95,35.933,Jordan,1,0
20045,Underground_Government_of_the_Free_Democratic_People_of_Laos,Laos,Asia,17.967,102.6,Laos,0,0
39,Amal,Lebanon,Asia,33.867,35.5,Lebanon,1,0
54,Ansar_Allah,Lebanon,Asia,33.867,35.5,Lebanon,0,0
20015,Asbat_al-Ansar,Lebanon,Asia,33.867,35.5,Lebanon,7,0
207,Hezbollah,Lebanon,Asia,33.867,35.5,Lebanon,10,1
30038,Strugglers_for_the_Unity_and_Freedom_of_Greater_Syria,Lebanon,Asia,33.867,35.5,Lebanon,4,0
149,Democratic_Karen_Buddhist_Army,Myanmar,Asia,16.8,96.15,Myanmar,0,1
20028,God's_Army,Myanmar,Asia,16.8,96.15,Myanmar,10,0
251,Kayin_National_Union,Myanmar,Asia,16.8,96.15,Myanmar,27,1
252,Kenkoku_Giyugun_Chosen_Seibatsutai,Myanmar,Asia,16.8,96.15,Myanmar,0,0
9986,Vigorous_Burmese_Student_Warriors,Myanmar,Asia,16.8,96.15,Myanmar,0,0
10110,Akhil_Krantikari,Nepal,Asia,27.717,85.317,Nepal,0,0
134,Communist_Party_of_Nepal-Maoists,Nepal,Asia,27.717,85.317,Nepal,101,1
100,Baloch_Liberation_Army,Pakistan,Asia,33.683,73.05,Pakistan,0,0
205,Harakat_ul-Mudjahidin,Pakistan,Asia,33.683,73.05,Pakistan,7,0
212,Hizbul_Mujahideen,Pakistan,Asia,33.683,73.05,Pakistan,4,1
235,Jaish-e-Mohammad,Pakistan,Asia,33.683,73.05,Pakistan,49,0
237,Jamiat_ul-Mujahedin,Pakistan,Asia,33.683,73.05,Pakistan,7,0
266,Lashkar-I-Omar,Pakistan,Asia,33.683,73.05,Pakistan,19,0
264,Lashkar-e-Jhangvi,Pakistan,Asia,33.683,73.05,Pakistan,100,0
265,Lashkar-e-Taiba,Pakistan,Asia,33.683,73.05,Pakistan,138,0
10224,Muslim_United_Army,Pakistan,Asia,33.683,73.05,Pakistan,0,0
313,Muttahida_Qami_Movement,Pakistan,Asia,33.683,73.05,Pakistan,4,0
11,al-Aarifeen,Pakistan,Asia,33.683,73.05,Pakistan,1,0
13,al-Badr,Pakistan,Asia,33.683,73.05,Pakistan,0,0
22,al-Intiqami_al-Pakistani,Pakistan,Asia,33.683,73.05,Pakistan,6,0
27,al-Nawaz,Pakistan,Asia,33.683,73.05,Pakistan,2,0
28,al-Qaeda,Pakistan,Asia,33.683,73.05,Pakistan,3505,1
33,al-Umar_Mujahideen,Pakistan,Asia,33.683,73.05,Pakistan,0,0
20000,Abdurajak_Janjalani_Brigade,Philippines,Asia,14.6,120.967,Philippines,0,0
4,Abu_Sayyaf_Group,Philippines,Asia,14.6,120.967,Philippines,186,1
36,Alex_Boncayao_Brigade,Philippines,Asia,14.6,120.967,Philippines,0,0
179,Free_Vietnam_Revolutionary_Group,Philippines,Asia,14.6,120.967,Philippines,0,0
215,Indige0us_People's_Federal_Army,Philippines,Asia,14.6,120.967,Philippines,0,0
300,Moro_Islamic_Liberation_Front,Philippines,Asia,14.6,120.967,Philippines,103,1
301,Moro_National_Liberation_Front,Philippines,Asia,14.6,120.967,Philippines,0,1
327,New_People's_Army,Philippines,Asia,14.6,120.967,Philippines,36,1
10258,Rebolusyonaryong_Hukbong_Bayan,Philippines,Asia,14.6,120.967,Philippines,2,0
109,Black_Widows,Russia,Asia,55.75,37.6,Russia,52,0
144,Dagestan_Liberation_Army,Russia,Asia,55.75,37.6,Russia,248,0
307,Movsar_Baryayev_Gang,Russia,Asia,55.75,37.6,Russia,162,0
329,New_Revolutionary_Alternative,Russia,Asia,55.75,37.6,Russia,0,0
9859,Red_Guerrillas,Russia,Asia,55.75,37.6,Russia,0,0
9901,Riyad_us-Saliheyn_Martyrs'_Brigade,Russia,Asia,55.75,37.6,Russia,514,0
20043,Russian_National_Bolshevist_Party,Russia,Asia,55.75,37.6,Russia,0,0
9902,Russian_National_Unity,Russia,Asia,55.75,37.6,Russia,0,0
9937,Sword_of_Islam,Russia,Asia,55.75,37.6,Russia,0,0
21,al-Haramayn_Brigades,Saudi_Arabia,Asia,24.65,46.7,Saudi_Arabia,0,0
29,al-Qaeda_in_the_Arabian_Penninsula,Saudi_Arabia,Asia,24.65,46.7,Saudi_Arabia,10,0
276,Liberation_Tigers_of_Tamil_Eelam,Sri_Lanka,Asia,6.917,79.833,Sri_Lanka,243,1
9917,Sihala_Urumaya,Sri_Lanka,Asia,6.917,79.833,Sri_Lanka,0,0
9982,United_Tajik_Opposition,Tajikistan,Asia,38.55,68.767,Tajikistan,1,0
102,Bersatu,Thailand,Asia,13.75,100.517,Thailand,1,0
9822,Pattani_United_Liberation_Organization,Thailand,Asia,13.75,100.517,Thailand,7,0
9933,Sri_Nakharo,Thailand,Asia,13.75,100.517,Thailand,2,0
20046,Young_Liberators_of_Pattani,Thailand,Asia,13.75,100.517,Thailand,0,0
67,Apo's_Revenge_Hawks,Turkey,EU,39.933,32.867,Turkey,0,0
68,Apo's_Youth_Revenge_Brigades,Turkey,EU,39.933,32.867,Turkey,0,0
136,Communist_Workers_Movement,Turkey,EU,39.933,32.867,Turkey,0,0
150,DHKP-C,Turkey,EU,39.933,32.867,Turkey,15,0
226,Islamic_Great_Eastern_Raiders_Front,Turkey,EU,39.933,32.867,Turkey,1,0
261,Kurdistan_Freedom_Hawks,Turkey,EU,39.933,32.867,Turkey,5,0
262,Kurdistan_Workers'_Party,Turkey,EU,39.933,32.867,Turkey,31,0
323,Nationalist_Kurdish_Revenge_Teams,Turkey,EU,39.933,32.867,Turkey,0,0
9825,People's_Liberation_Army_of_Kurdistan,Turkey,EU,39.933,32.867,Turkey,47,0
9953,TKEP/L,Turkey,EU,39.933,32.867,Turkey,1,0
9954,TKP/ML-TIKKO,Turkey,EU,39.933,32.867,Turkey,29,0
9966,Turkish_People's_Liberation_Front,Turkey,EU,39.933,32.867,Turkey,0,0
230,Islamic_Movement_of_Uzbekistan,Uzbekistan,Asia,41.317,69.25,Uzbekistan,7,1
8,Aden_Abyan_Islamic_Army,Yemen,Asia,15.35,44.2,Yemen,8,0
20096,Cypriot_Nationalist_Organization,Cyprus,EU,35.167,33.367,Cyprus,0,0
20002,Action_Group_Extreme_Beate,Denmark,EU,55.667,12.583,Denmark,0,0
9936,Supporters_of_Horst_Ludwig_Meyer,Denmark,EU,55.667,12.583,Denmark,0,0
5,Accolta_Nazinuale_Corsa,France,EU,48.867,2.333,France,0,0
6,Action_Committee_of_Winegrowers,France,EU,48.867,2.333,France,0,0
7,Action_Directe,France,EU,48.867,2.333,France,0,0
77,Armata_Corsa,France,EU,48.867,2.333,France,0,0
78,Armata_di_Liberazione_Naziunale,France,EU,48.867,2.333,France,0,0
90,Army_of_the_Corsican_People,France,EU,48.867,2.333,France,0,0
111,Breton_Revolutionary_Army,France,EU,48.867,2.333,France,1,0
125,Clandestini_Corsi,France,EU,48.867,2.333,France,0,0
30028,Corsican_Revolutionary_Armed_Forces,France,EU,48.867,2.333,France,0,0
176,Francs_Tireurs,France,EU,48.867,2.333,France,0,0
187,Fronte_di_Liberazione_Naziunale_di_a_Corsica,France,EU,48.867,2.333,France,0,0
188,Gazteriak,France,EU,48.867,2.333,France,0,0
220,Iparretarrak_,France,EU,48.867,2.333,France,0,0
9866,Resistenza_Corsa,France,EU,48.867,2.333,France,0,0
9957,Totally_Anti-War_Group,France,EU,48.867,2.333,France,0,0
97,Auto0mous_Decorators,Germany,EU,52.517,13.4,Germany,0,0
20022,Caucasian_Front_for_the_Liberation_of_Abu_Achikob,Germany,EU,52.517,13.4,Germany,0,0
20030,Group_Revolutionary_Reconstruction,Germany,EU,52.517,13.4,Germany,0,0
540,unnamed,Greece,EU,37.983,23.733,Greece,0,0
20010,Anarchist_Attack_Teams,Greece,EU,37.983,23.733,Greece,0,0
42,Anarchist_Faction,Greece,EU,37.983,23.733,Greece,0,0
20011,Anarchist_Faction_for_Subversion,Greece,EU,37.983,23.733,Greece,0,0
43,Anarchist_Liberation_Brigade,Greece,EU,37.983,23.733,Greece,0,0
44,Anarchist_Street_Patrol,Greece,EU,37.983,23.733,Greece,0,0
45,Anarchist_Struggle,Greece,EU,37.983,23.733,Greece,0,0
46,Anarchists'_Attack_Group,Greece,EU,37.983,23.733,Greece,0,0
20012,Anarkhiki_Omadha_20_Louli,Greece,EU,37.983,23.733,Greece,0,0
56,Anti-Authority_Erotic_Cells,Greece,EU,37.983,23.733,Greece,0,0
59,Anti-Mainstream_Self_Determination_Faction,Greece,EU,37.983,23.733,Greece,0,0
20013,Anti-Olympic_Flame,Greece,EU,37.983,23.733,Greece,0,0
60,Anti-Power_Struggle,Greece,EU,37.983,23.733,Greece,0,0
62,Anti-State_Action,Greece,EU,37.983,23.733,Greece,0,0
20014,Anti-State_Defense,Greece,EU,37.983,23.733,Greece,0,0
63,Anti-State_Nuclei,Greece,EU,37.983,23.733,Greece,0,0
96,Auto0mous_Cells_of_Rebel_Action,Greece,EU,37.983,23.733,Greece,0,0
108,Black_Star,Greece,EU,37.983,23.733,Greece,0,0
20018,Black_and_Red_Brigades,Greece,EU,37.983,23.733,Greece,0,0
112,Burning_Path,Greece,EU,37.983,23.733,Greece,0,0
118,Chaotic_Attack_Front,Greece,EU,37.983,23.733,Greece,0,0
121,Children_of_Fire,Greece,EU,37.983,23.733,Greece,0,0
20024,Commando_Anarchist_Group,Greece,EU,37.983,23.733,Greece,0,0
137,Communists_Liberation_Faction,Greece,EU,37.983,23.733,Greece,0,0
138,Conscientious_Arsonists,Greece,EU,37.983,23.733,Greece,0,0
20025,Consciously_Enraged,Greece,EU,37.983,23.733,Greece,0,0
159,Enraged_Proletarians,Greece,EU,37.983,23.733,Greece,0,0
168,Fighters_for_Freedom,Greece,EU,37.983,23.733,Greece,0,0
169,Fighting_Ecologist_Activism,Greece,EU,37.983,23.733,Greece,0,0
170,Fighting_Guerillas_of_May,Greece,EU,37.983,23.733,Greece,0,0
171,Fires_of_Hell,Greece,EU,37.983,23.733,Greece,0,0
182,Friendship_Society,Greece,EU,37.983,23.733,Greece,0,0
20029,Group_for_Social_Resistance_to_the_State_Mechanism,Greece,EU,37.983,23.733,Greece,0,0
193,Group_of_Carlo_Giuliani,Greece,EU,37.983,23.733,Greece,0,0
206,Hawks_of_Thrace,Greece,EU,37.983,23.733,Greece,0,0
20032,Immediate_Action,Greece,EU,37.983,23.733,Greece,0,0
20033,Indomitable_Marxists,Greece,EU,37.983,23.733,Greece,0,0
256,Knights_of_the_Torched_Bank,Greece,EU,37.983,23.733,Greece,0,0
274,Leftist_Nucleus,Greece,EU,37.983,23.733,Greece,0,0
290,Amal,Greece,EU,37.983,23.733,Greece,0,0
293,Ansar_Allah,Greece,EU,37.983,23.733,Greece,0,0
295,Melting_Nuclei,Greece,EU,37.983,23.733,Greece,0,0
296,Midnight_Saboteurs,Greece,EU,37.983,23.733,Greece,0,0
303,Movement_Against_State_Arbitrariness,Greece,EU,37.983,23.733,Greece,0,0
330,New_Revolutionary_Popular_Struggle,Greece,EU,37.983,23.733,Greece,0,0
334,November's_Children,Greece,EU,37.983,23.733,Greece,0,0
337,Nuclei_for_Promoting_Total_Catastrophe,Greece,EU,37.983,23.733,Greece,0,0
9813,Overthrown_Anarchist_Faction,Greece,EU,37.983,23.733,Greece,0,0
9814,Popular_Justice,Greece,EU,37.983,23.733,Greece,0,0
9840,Popular_Resistance,Greece,EU,37.983,23.733,Greece,0,0
9842,Popular_Revolutionary_Action,Greece,EU,37.983,23.733,Greece,0,0
9843,Popular_Revolutionary_Front,Greece,EU,37.983,23.733,Greece,0,0
9850,Proletarian_Reprisals,Greece,EU,37.983,23.733,Greece,0,0
9851,Proletarian_Resistance,Greece,EU,37.983,23.733,Greece,0,0
9852,Proletarian_Solidarity,Greece,EU,37.983,23.733,Greece,0,0
9861,Red_Line,Greece,EU,37.983,23.733,Greece,0,0
9874,Revolutionary_Brigades,Greece,EU,37.983,23.733,Greece,0,0
9882,Revolutionary_Liberation_Action,Greece,EU,37.983,23.733,Greece,0,0
9883,Revolutionary_Memory,Greece,EU,37.983,23.733,Greece,0,0
9884,Revolutionary_Nuclei,Greece,EU,37.983,23.733,Greece,1,0
9893,Revolutionary_Struggle,Greece,EU,37.983,23.733,Greece,0,0
9894,Revolutionary_Subversive_Faction-Commando_Unibomber,Greece,EU,37.983,23.733,Greece,0,0
9895,Revolutionary_Torch-Bearing_Run,Greece,EU,37.983,23.733,Greece,0,0
9898,Revolutionary_Violence_Group,Greece,EU,37.983,23.733,Greece,0,0
9900,Rigas_Fereos,Greece,EU,37.983,23.733,Greece,0,0
9922,Solidarity_Gas_Canisters,Greece,EU,37.983,23.733,Greece,0,0
9921,Solidarity_for_Political_Prisoners,Greece,EU,37.983,23.733,Greece,0,0
9923,Solidarity_with_17N,Greece,EU,37.983,23.733,Greece,0,0
20044,The_Committee_for_Promotion_of_Intransigence,Greece,EU,37.983,23.733,Greece,0,0
9956,Torrid_Winter,Greece,EU,37.983,23.733,Greece,0,0
9972,Uncontrolled_Rage,Greece,EU,37.983,23.733,Greece,0,0
222,Irish_National_Liberation_Army,Ireland,EU,53.317,-6.233,Ireland,2,0
49,Angry_Brigade,Italy,EU,41.9,12.483,Italy,1,0
61,Anti-Racist_Guerrilla_Nuclei,Italy,EU,41.9,12.483,Italy,0,0
65,Anti-Zionist_Movement,Italy,EU,41.9,12.483,Italy,0,0
66,Anticapitalist_Attack_Nuclei,Italy,EU,41.9,12.483,Italy,0,0
127,Combatant_Proletarian_Nucleus,Italy,EU,41.9,12.483,Italy,0,0
141,Cooperative_of_Hand-Made_Fire_&_Related_Items,Italy,EU,41.9,12.483,Italy,0,0
173,Five_C's,Italy,EU,41.9,12.483,Italy,0,0
216,Informal_Anarchist_Federation,Italy,EU,41.9,12.483,Italy,0,0
219,International_Solidarity,Italy,EU,41.9,12.483,Italy,0,0
9816,Padanian_Armed_Separatist_Phalanx,Italy,EU,41.9,12.483,Italy,0,0
9848,Proletarian_Combatant_Groups,Italy,EU,41.9,12.483,Italy,0,0
9849,Proletarian_Nuclei_for_Communism,Italy,EU,41.9,12.483,Italy,0,0
9857,Red_Brigades,Italy,EU,41.9,12.483,Italy,2,0
9879,Revolutionary_Front_for_Communism,Italy,EU,41.9,12.483,Italy,0,0
9881,Revolutionary_Leninist_Brigades,Italy,EU,41.9,12.483,Italy,0,0
9885,Revolutionary_Offensive_Cells,Italy,EU,41.9,12.483,Italy,0,0
9890,Revolutionary_Proletarian_Initiative_Nuclei,Italy,EU,41.9,12.483,Italy,0,0
9891,Revolutionary_Proletarian_Nucleus,Italy,EU,41.9,12.483,Italy,0,0
9908,Sardinian_Auto0my_Movement,Italy,EU,41.9,12.483,Italy,0,0
9945,Territorial_Anti-Imperialist_Nuclei,Italy,EU,41.9,12.483,Italy,0,0
9987,Vitalunismo,Italy,EU,41.9,12.483,Italy,0,0
34,Albanian_National_Army,Macedonia,EU,42,21.433,Macedonia,2,0
257,Kosovo_Liberation_Army,Macedonia,EU,42,21.433,Macedonia,1,0
280,Macedonian_Revolutionary_Organization,Macedonia,EU,42,21.433,Macedonia,0,0
135,Communist_Revolutionaries_in_Europe,Netherlands,EU,52.35,4.917,Netherlands,0,0
20001,Abu_Nayaf_al-Afgani,Spain,EU,40.4,-3.683,Spain,0,0
101,Basque_Fatherland_and_Freedom,Spain,EU,40.4,-3.683,Spain,52,0
172,First_of_October_Antifascist_Resistance_Group,Spain,EU,40.4,-3.683,Spain,1,0
9889,Revolutionary_Perspective,Spain,EU,40.4,-3.683,Spain,0,0
189,Global_Intifada,Sweden,EU,59.333,18.05,Sweden,0,0
9892,Revolutionary_Socialists,Sweden,EU,59.333,18.05,Sweden,0,0
174,For_a_Revolutionary_Perspective,Switzerland,EU,46.917,7.467,Switzerland,0,0
180,Freedom_for_Mumia_Abu-Jamal,Switzerland,EU,46.917,7.467,Switzerland,0,0
2,Abu_Hafs_al-Masri_Brigade,United_Kingdom,EU,51.5,-0.083,United_Kingdom,193,0
115,Catholic_Reaction_Force,United_Kingdom,EU,51.5,-0.083,United_Kingdom,0,0
139,Continuity_Irish_Republican_Army,United_Kingdom,EU,51.5,-0.083,United_Kingdom,1,0
223,Irish_Republican_Army,United_Kingdom,EU,51.5,-0.083,United_Kingdom,2,0
279,Loyalist_Volunteer_Force,United_Kingdom,EU,51.5,-0.083,United_Kingdom,4,0
9809,Orange_Volunteers,United_Kingdom,EU,51.5,-0.083,United_Kingdom,0,0
9854,Real_Irish_Republican_Army,United_Kingdom,EU,51.5,-0.083,United_Kingdom,30,0
9860,Red_Hand_Defenders,United_Kingdom,EU,51.5,-0.083,United_Kingdom,6,0
9926,South_Londonderry_Volunteers,United_Kingdom,EU,51.5,-0.083,United_Kingdom,0,0
9969,Ulster_Defence_Association,United_Kingdom,EU,51.5,-0.083,United_Kingdom,2,0
9970,Ulster_Volunteer_Force,UnitedKingdom,EU,51.5,-0.083,United_Kingdom,0,0
9827,People's_Liberation_Forces,El Salvador,NA,13.7,-89.2,El_Salvador,0,0
331,Night_Avengers,Honduras,NA,14.1,-87.217,Honduras,1,0
20023,Comando_Jaramillista_Morelense_23_de_Mayo,Mexico,NA,19.433,-99.133,Mexico,0,0
10042,Group_of_Guerilla_Combatants_of_Jose_Maria_Morelos_y_Pavon_(CGNJMMP),Mexico,NA,19.433,-99.133,Mexico,0,0
246,Justice_Army_of_the_Defenseless_People,Mexico,NA,19.433,-99.133,Mexico,0,0
10043,Popular_Revolutionary_Army_(Mexico),Mexico,NA,19.433,-99.133,Mexico,4,0
9871,Revolutionary_Armed_Forces_of_the_People_(FARP),Mexico,NA,19.433,-99.133,Mexico,0,0
48,Andres_Castro_United_Front_(FUAC),Nicaragua,NA,12.133,-86.25,Nicaragua,1,0
50,Animal_Liberation_Front_(ALF),United_States_of_America,NA,38.907,-77.037,United_States_of_America,0,0
89,Army_of_God,United_States_of_America,NA,38.907,-77.037,United_States_of_America,1,0
113,Cambodian_Freedom_Fighters,United_States_of_America,NA,38.907,-77.037,United_States_of_America,0,0
126,Coalition_to_Save_the_Preserves,United_States_of_America,NA,38.907,-77.037,United_States_of_America,0,0
153,Earth_Liberation_Front,United_States_of_America,NA,38.907,-77.037,United_States_of_America,0,0
281,Macheteros,United_States_of_America,NA,38.907,-77.037,United_States_of_America,0,0
30035,Maras_Salvatruchas,United_States_of_America,NA,38.907,-77.037,United_States_of_America,28,0
9875,Revolutionary_Cells_Animal_Liberation_Brigade,United_States_of_America,NA,38.907,-77.037,United_States_of_America,0,0
145,Dario_Santillan_Command,Argentina,SA,-34.583,-58.667,Argentina,0,0
9948,The_Inevitables,Bolivia,SA,-16.5,-68.15,Bolivia,0,0
9949,The_National_Anti-Corruption_Front,Bolivia,SA,-16.5,-68.15,Bolivia,0,0
306,Movement_of_the_Revolutionary_Left,Chile,SA,-33.45,-70.667,Chile,0,0
20042,Pueblo_Regrupado,Chile,SA,-33.45,-70.667,Chile,0,0
69,April_19_Movement,Colombia,SA,4.6,-74.083,Colombia,0,0
199,Guevarista_Revolutionary_Army,Colombia,SA,4.6,-74.083,Colombia,0,1
234,Jaime_Bateman_Cayon_Group,Colombia,SA,4.6,-74.083,Colombia,0,0
317,National_Liberation_Army,Colombia,SA,4.6,-74.083,Colombia,107,1
9829,People's_Revolutionary_Army,Colombia,SA,4.6,-74.083,Colombia,1,0
9838,Popular_Liberation_Army,Colombia,SA,4.6,-74.083,Colombia,9,0
9870,Revolutionary_Armed_Forces_of_Colombia,Colombia,SA,4.6,-74.083,Colombia,463,1
9912,Self-Defense_Groups_of_Cordoba_and_Uraba,Colombia,SA,4.6,-74.083,Colombia,2,1
9980,United_Self-Defense_Forces_of_Colombia,Colombia,SA,4.6,-74.083,Colombia,244,0
83,Armed_Revolutionary_Left,Ecuador,SA,-0.217,-78.5,Ecuador,0,0
156,Ecuadorian_Rebel_Force,Ecuador,SA,-0.217,-78.5,Ecuador,0,0
194,Group_of_Popular_Combatants,Ecuador,SA,-0.217,-78.5,Ecuador,0,1
9830,People's_Revolutionary_Militias,Ecuador,SA,-0.217,-78.5,Ecuador,0,0
9869,Revolutionary_Armed_Corps,Ecuador,SA,-0.217,-78.5,Ecuador,0,0
9991,White_Legion,Ecuador,SA,-0.217,-78.5,Ecuador,0,0
30029,Eth0cacerista,Peru,SA,-12.05,-77.05,Peru,6,0
9915,Shining_Path,Peru,SA,-12.05,-77.05,Peru,40,1
9959,Tupac_Amaru_Revolutionary_Movement,Peru,SA,-12.05,-77.05,Peru,0,0
20019,Bolivarian_Liberation_Forces,Venezuela,SA,10.483,-66.867,Venezuela,0,0
114,Carapaica_Revolutionary_Movement,Venezuela,SA,10.483,-66.867,Venezuela,0,0
20020,Ejercito_del_Pueblo_en_Armas,Venezuela,SA,10.483,-66.867,Venezuela,0,0
267,Latin_American_Patriotic_Army,Venezuela,SA,10.483,-66.867,Venezuela,0,0
285,Maria0_More0_National_Liberation_Commando,Venezuela,SA,10.483,-66.867,Venezuela,0,0
9979,United_Revolutionary_Front,Venezuela,SA,10.483,-66.867,Venezuela,0,0
9981,United_Self-Defense_Forces_of_Venezuela,Venezuela,SA,10.483,-66.867,Venezuela,7,0